speed,rpm,throttle,engine_load,maf,engine_temp,oil_pressure,battery_voltage,fuel_level,tp_fl,tp_fr,tp_rl,tp_rr,prediction,anomaly_score,is_anomaly
119.8,3753.0,58.4,79.0,53.9,91.1,41.9,13.9,85.1,31.6,31.6,31.7,32.4,-1,-0.6643355142310955,True
6.2,1049.0,3.3,12.6,6.8,90.7,41.6,13.9,85.1,31.9,31.6,32.4,31.6,-1,-0.6625328956961204,True
5.8,1087.0,2.8,10.7,5.3,91.3,43.5,13.99,85.1,32.3,32.4,32.4,32.2,-1,-0.6555594186446094,True
121.8,3697.0,59.8,81.2,55.5,88.5,43.2,13.99,85.1,31.8,31.7,31.8,32.4,-1,-0.6555472625482643,True
124.6,3733.0,60.4,82.0,58.5,88.9,41.6,13.91,84.9,32.0,31.6,31.7,32.3,-1,-0.6552697547662316,True
5.8,1017.0,2.9,12.9,7.2,91.5,43.5,13.99,84.9,32.3,31.6,32.4,32.4,-1,-0.6548670596635578,True
124.6,3784.0,60.3,81.7,57.4,89.3,41.6,13.99,84.9,31.6,32.3,31.7,32.2,-1,-0.6518493886815504,True
117.3,3724.0,56.1,74.3,55.1,91.3,43.5,13.97,84.9,31.7,31.6,32.4,32.2,-1,-0.6511936740139033,True
120.5,3735.0,59.4,81.2,56.9,91.2,43.4,13.9,84.9,32.3,31.8,31.7,32.2,-1,-0.6505627435297906,True
124.7,3791.0,60.6,81.8,56.6,90.9,43.1,13.98,85.1,31.7,31.6,31.9,31.6,-1,-0.6503943992314788,True
121.2,3756.0,59.3,81.3,57.2,89.1,43.2,13.99,85.0,32.4,31.6,31.6,32.3,-1,-0.6501839359472192,True
124.8,3739.0,61.4,79.0,58.9,91.5,42.1,13.9,85.1,32.1,31.8,32.4,32.0,-1,-0.6499963199625275,True
122.7,3725.0,60.2,80.9,59.3,91.4,43.1,13.99,85.1,31.6,31.8,31.8,31.9,-1,-0.6498494337447412,True
126.8,3770.0,61.4,80.9,58.8,91.3,41.7,13.94,85.1,31.8,31.6,31.9,31.6,-1,-0.649224772742788,True
3.4,1021.0,3.3,13.6,6.8,88.5,43.5,13.92,84.9,31.6,31.6,32.3,32.3,-1,-0.6489982040662775,True
120.8,3732.0,59.5,78.0,56.4,89.7,43.5,13.99,84.9,31.7,32.4,31.7,31.7,-1,-0.6469013114721351,True
16.4,1048.0,1.8,4.6,8.4,88.7,41.6,13.91,84.9,31.9,31.6,32.4,31.6,-1,-0.6460111945970061,True
119.6,3743.0,57.6,75.8,56.0,91.4,41.6,13.91,85.0,32.4,32.3,32.4,32.3,-1,-0.6458206721821192,True
121.4,3784.0,59.3,79.5,58.1,91.0,43.3,13.9,85.1,32.3,31.7,32.2,32.3,-1,-0.6456233561096022,True
119.8,3717.0,58.3,80.0,54.9,88.9,42.2,13.96,84.9,31.6,31.6,32.3,32.3,-1,-0.6453793442604523,True
121.4,3768.0,60.8,79.4,56.0,90.7,43.5,13.99,85.1,31.9,31.7,32.4,31.7,-1,-0.6446921566491941,True
124.2,3769.0,60.6,80.5,58.0,90.9,43.3,13.94,85.1,31.7,32.4,32.3,31.7,-1,-0.6445387314211256,True
122.6,3767.0,61.2,79.9,57.9,91.1,43.4,13.96,85.1,31.6,32.3,31.6,32.3,-1,-0.644325336162871,True
122.0,3743.0,60.5,79.4,55.0,89.2,41.6,13.93,84.9,31.7,31.6,31.7,32.3,-1,-0.6442912956397779,True
120.8,3743.0,58.2,76.3,54.2,91.4,41.7,13.99,85.1,32.3,32.3,31.9,32.4,-1,-0.644095209093363,True
12.5,1172.0,2.8,8.5,10.4,90.4,41.6,13.93,85.1,32.2,32.4,32.4,32.4,-1,-0.6434838144597554,True
126.5,3709.0,60.6,80.9,56.0,91.4,41.6,13.98,85.1,31.6,32.2,32.2,32.2,-1,-0.643465112478876,True
123.1,3697.0,59.3,81.3,57.0,91.0,42.4,13.99,84.9,31.6,32.0,32.4,32.4,-1,-0.6430752129962053,True
124.1,3754.0,59.7,79.0,56.4,91.1,42.9,13.9,85.1,31.7,31.7,31.7,32.2,-1,-0.6429592992161351,True
110.5,3705.0,54.3,73.3,52.5,88.9,41.9,13.94,85.1,31.8,32.4,32.4,32.4,-1,-0.6424473215412044,True
117.1,3751.0,57.3,79.2,55.2,89.0,43.5,13.9,84.9,31.6,31.7,32.4,31.8,-1,-0.6421470189910266,True
125.7,3703.0,60.7,81.8,57.2,89.5,43.5,13.99,84.9,32.3,31.6,31.9,31.6,-1,-0.6420679206104565,True
125.9,3733.0,61.0,82.5,55.8,91.4,43.5,13.99,85.0,31.9,32.4,31.6,31.7,-1,-0.6412468944377342,True
122.1,3739.0,59.2,79.9,55.4,90.8,42.6,13.93,85.1,32.4,31.6,32.4,31.7,-1,-0.6411632682855025,True
120.1,3703.0,57.0,75.5,52.4,91.2,42.0,13.96,85.1,31.7,31.9,32.4,32.4,-1,-0.6409028921412486,True
124.4,3734.0,59.2,77.2,55.6,90.7,42.2,13.93,85.1,32.3,31.9,31.7,32.4,-1,-0.6405596617211384,True
124.4,3747.0,61.6,80.8,56.1,89.7,42.7,13.99,85.1,32.3,32.1,31.7,31.7,-1,-0.6403002470960056,True
120.9,3750.0,59.3,78.3,56.1,88.5,41.8,13.99,84.9,31.8,32.1,31.8,32.4,-1,-0.64018079300854,True
13.7,1066.0,1.8,7.0,7.8,91.0,41.8,13.9,85.1,31.9,31.6,32.3,32.2,-1,-0.6400399173668053,True
126.1,3707.0,60.2,80.1,57.7,90.3,41.7,13.91,85.1,31.9,31.7,32.3,31.8,-1,-0.6396863725947851,True
120.9,3772.0,59.8,78.2,56.1,90.7,43.2,13.91,85.1,32.3,32.3,32.4,31.8,-1,-0.6395972574736125,True
10.1,1022.0,3.4,3.2,5.9,88.5,41.7,13.9,85.1,31.9,32.3,31.6,31.6,-1,-0.6392679971366537,True
125.3,3777.0,60.2,80.6,57.5,89.4,41.6,13.99,84.9,31.7,32.1,32.2,31.8,-1,-0.6387743511387038,True
122.3,3726.0,57.6,78.4,55.7,89.4,42.0,13.99,85.1,31.8,31.7,31.8,32.4,-1,-0.6385181500098159,True
5.1,1019.0,2.7,13.1,4.6,88.5,43.1,13.99,85.1,31.8,31.6,32.0,32.4,-1,-0.6384809180299009,True
8.2,1094.0,2.0,10.6,8.3,90.3,41.8,13.9,85.1,31.6,31.6,32.4,32.0,-1,-0.6383104437078981,True
120.1,3740.0,59.7,80.6,55.6,91.4,43.1,13.93,85.1,32.3,32.3,31.7,31.9,-1,-0.638144442117842,True
119.9,3708.0,57.1,77.7,54.5,88.6,43.2,13.99,85.1,31.6,31.7,32.1,31.8,-1,-0.6379614985144294,True
119.6,3713.0,59.1,80.1,54.4,89.0,43.1,13.9,85.1,32.0,32.3,32.4,32.1,-1,-0.6377276301866468,True
3.0,1079.0,2.1,10.7,8.3,88.9,42.8,13.9,85.1,32.2,31.6,31.6,32.3,-1,-0.6376489847861222,True
125.9,3606.0,55.1,75.8,56.4,90.9,43.4,13.98,85.1,32.3,31.7,32.3,31.7,-1,-0.6373850082487983,True
124.5,3758.0,58.9,80.1,55.9,91.5,43.2,13.91,85.1,31.7,31.8,32.1,31.6,-1,-0.6373121868111679,True
124.7,3766.0,60.5,80.0,59.0,91.2,43.5,13.94,84.9,32.1,31.7,31.7,32.3,-1,-0.6372088200887133,True
121.4,3733.0,58.5,79.9,55.0,90.3,41.6,13.98,85.1,31.8,31.8,32.4,32.2,-1,-0.6368327668888827,True
120.3,3702.0,58.4,79.1,57.7,91.4,43.5,13.9,85.0,31.6,32.4,31.6,31.8,-1,-0.6367211335393766,True
20.3,1592.0,13.8,24.5,15.6,89.0,41.9,13.98,84.9,32.3,32.4,32.4,32.3,-1,-0.636295985461258,True
2.1,1085.0,3.4,11.1,6.1,91.4,43.0,13.9,84.9,32.4,31.6,32.3,31.9,-1,-0.636202035315677,True
124.4,3795.0,60.1,82.3,59.0,88.6,41.7,13.92,85.1,31.9,31.6,32.1,31.8,-1,-0.6361883808166456,True
126.3,3768.0,60.0,82.6,56.2,90.8,42.5,13.99,85.1,31.7,31.8,32.4,32.0,-1,-0.6361412424341779,True
114.4,3623.0,54.4,71.2,52.8,88.7,41.7,13.99,85.1,31.7,31.6,32.2,32.3,-1,-0.6361041552126339,True
122.1,3733.0,60.4,80.5,56.1,89.5,43.3,13.99,85.1,31.7,31.9,31.9,31.6,-1,-0.6360965346543064,True
125.0,3754.0,61.4,82.4,58.0,89.6,41.6,13.93,85.1,32.3,32.0,31.7,32.4,-1,-0.6357070233791823,True
122.0,3713.0,60.4,81.9,59.4,89.2,41.7,13.91,84.9,31.8,31.6,31.8,31.6,-1,-0.6355783239542581,True
119.5,3781.0,57.9,79.5,56.3,89.4,42.0,13.99,85.1,32.0,31.6,31.8,32.4,-1,-0.6355111846191696,True
16.4,1011.0,1.9,6.2,7.0,89.2,43.5,13.9,85.1,31.8,31.6,32.1,31.6,-1,-0.6354160234794419,True
120.9,3765.0,58.3,78.9,57.2,89.5,43.2,13.91,84.9,32.3,32.4,31.7,31.6,-1,-0.6351772549172491,True
116.1,3703.0,57.4,77.5,53.7,88.7,43.3,13.9,84.9,31.7,32.3,32.4,31.9,-1,-0.6350317172615245,True
121.1,3785.0,59.6,80.7,56.5,91.4,41.6,13.96,85.0,32.3,31.8,31.7,32.4,-1,-0.6348272596826812,True
38.6,1523.0,8.6,16.9,14.6,88.6,42.1,13.91,85.1,31.6,31.6,32.4,32.1,-1,-0.6347688987942565,True
4.7,1052.0,2.4,11.3,7.5,88.6,41.8,13.97,85.1,31.7,32.2,32.4,32.4,-1,-0.6342426475223518,True
115.9,3700.0,57.6,74.8,53.2,91.4,42.1,13.93,85.1,31.9,31.9,32.4,32.4,-1,-0.6341781658024936,True
122.4,3733.0,58.5,81.0,56.3,89.2,42.0,13.96,85.1,32.0,32.4,32.4,31.8,-1,-0.6340243706108809,True
126.7,3786.0,60.3,80.3,57.1,91.0,42.1,13.99,84.9,32.1,32.4,31.7,32.2,-1,-0.6340163002735812,True
115.4,3731.0,58.1,77.0,54.7,88.8,43.3,13.9,85.0,32.4,32.0,31.7,32.4,-1,-0.6338771100179156,True
15.6,1081.0,3.1,5.8,10.1,88.5,41.8,13.99,85.1,32.3,31.8,32.3,31.7,-1,-0.633594168562177,True
10.1,1035.0,3.1,6.7,6.4,88.6,41.7,13.98,85.1,31.6,31.7,32.3,32.3,-1,-0.6334712452164967,True
123.4,3781.0,59.2,81.1,58.2,88.7,42.1,13.98,84.9,32.4,32.0,32.3,31.6,-1,-0.6334387771386808,True
41.5,1528.0,8.5,16.2,16.2,88.9,42.0,13.99,85.1,31.7,31.7,31.7,32.4,-1,-0.6334008912480311,True
122.5,3755.0,58.7,79.0,56.9,89.2,41.6,13.92,84.9,32.3,32.2,32.4,32.3,-1,-0.6333198701599511,True
122.6,3788.0,59.1,77.2,55.2,89.1,43.4,13.9,85.1,31.8,32.2,32.3,32.3,-1,-0.6331843866897252,True
125.6,3756.0,60.8,80.3,55.2,89.0,42.1,13.99,84.9,31.8,32.3,31.6,32.2,-1,-0.6331152506112343,True
119.3,3720.0,58.1,78.7,55.0,91.3,42.8,13.98,84.9,31.8,31.6,32.4,32.1,-1,-0.6330725371547161,True
0.7,1073.0,3.3,10.6,6.9,90.0,41.7,13.9,84.9,32.3,31.9,32.4,32.3,-1,-0.6330645279970655,True
123.7,3773.0,59.5,81.5,57.4,90.7,43.3,13.98,84.9,32.2,31.7,31.8,32.4,-1,-0.6330453700812634,True
120.0,3746.0,58.2,79.6,56.6,88.6,42.0,13.97,85.1,32.3,32.3,31.6,32.3,-1,-0.6329428938233412,True
19.5,1233.0,5.7,9.7,11.2,90.6,42.9,13.9,85.1,32.3,31.6,32.4,32.3,-1,-0.6328017807171267,True
124.2,3776.0,60.7,78.5,56.0,89.0,41.7,13.92,84.9,32.0,32.3,32.3,31.6,-1,-0.6324864965167574,True
5.5,1040.0,1.6,10.7,8.4,89.1,43.5,13.9,85.0,31.6,31.6,32.4,32.0,-1,-0.6323607494400088,True
13.1,1135.0,3.5,8.8,9.3,90.8,43.3,13.9,85.1,32.3,32.1,32.4,32.3,-1,-0.6322747661864597,True
122.1,3782.0,59.2,81.7,58.3,88.7,41.9,13.93,85.0,31.7,31.6,31.6,32.3,-1,-0.632183249561265,True
124.0,3531.0,56.3,76.6,53.0,88.8,43.2,13.98,85.1,32.4,31.8,32.1,32.4,-1,-0.6321005063740108,True
14.8,1079.0,3.8,8.4,10.0,88.7,42.2,13.9,85.1,31.6,31.7,32.4,31.9,-1,-0.6320414147709235,True
117.1,3792.0,57.4,77.1,55.4,89.6,41.6,13.9,85.1,32.1,32.3,31.7,32.2,-1,-0.6317774060458798,True
126.8,3731.0,61.0,82.3,57.3,88.8,42.1,13.92,85.1,32.3,31.8,32.1,31.7,-1,-0.6317447155125416,True
123.0,3715.0,59.8,79.1,56.4,90.4,41.7,13.91,84.9,31.6,32.2,31.7,32.3,-1,-0.631706818690692,True
112.1,3703.0,53.5,72.3,49.6,88.9,42.1,13.9,85.1,32.4,31.8,31.7,31.6,-1,-0.631686458749392,True
113.2,3625.0,53.5,71.2,52.4,89.4,41.7,13.92,85.1,31.6,32.3,32.3,32.4,-1,-0.6316832609862825,True
122.4,3794.0,60.0,77.9,56.4,91.3,42.1,13.92,84.9,32.3,31.8,32.4,31.9,-1,-0.6316328413268836,True
114.6,3768.0,56.2,76.3,51.2,91.4,42.0,13.99,84.9,31.9,31.7,32.4,32.2,-1,-0.6315783618438102,True
120.9,3717.0,59.0,79.3,55.5,90.8,43.0,13.99,84.9,32.4,32.3,32.3,31.6,-1,-0.6311927461611134,True
115.2,3758.0,56.3,75.0,53.9,89.6,43.3,13.99,85.1,31.8,31.6,32.1,32.4,-1,-0.6310606888215887,True
40.8,2274.0,27.4,43.2,23.9,91.4,42.0,13.9,85.1,32.3,32.4,32.4,31.7,-1,-0.6310356982594447,True
124.8,3734.0,60.1,78.7,56.1,90.1,43.4,13.99,85.0,31.6,31.8,32.4,31.6,-1,-0.6309525149151796,True
126.8,3764.0,59.8,81.1,57.2,88.9,42.9,13.92,84.9,31.8,31.7,31.8,32.4,-1,-0.6308574139741439,True
109.6,3559.0,52.6,70.5,50.0,91.4,43.1,13.9,84.9,31.7,31.6,32.0,32.3,-1,-0.6307733935743047,True
118.9,3775.0,58.7,79.5,54.7,91.5,43.4,13.91,85.1,32.4,32.4,31.8,32.0,-1,-0.6306044910159072,True
115.1,3741.0,57.5,78.0,54.8,91.2,41.6,13.94,84.9,32.1,31.7,31.7,32.4,-1,-0.6305949249932623,True
121.9,3781.0,59.8,79.6,56.8,89.1,42.3,13.91,85.0,31.6,32.4,31.7,32.3,-1,-0.6305328186776609,True
7.1,1049.0,3.0,10.7,4.9,89.0,43.5,13.98,85.0,32.4,31.6,32.3,31.8,-1,-0.6302278685142906,True
2.7,1040.0,3.0,14.1,6.6,88.6,42.1,13.91,85.1,32.4,32.3,32.3,32.3,-1,-0.630080419459237,True
121.3,3725.0,58.6,80.3,56.9,89.8,43.0,13.99,84.9,31.6,31.7,32.1,32.3,-1,-0.6300213025719463,True
7.8,1059.0,2.2,10.2,8.5,88.6,42.1,13.99,84.9,31.8,31.6,32.3,32.3,-1,-0.6297818328758332,True
121.4,3729.0,57.9,78.9,56.5,90.7,41.8,13.9,85.1,32.0,31.7,32.3,32.1,-1,-0.6296686029438008,True
120.5,3730.0,60.4,78.1,56.6,89.3,42.1,13.9,84.9,32.0,31.8,31.6,32.4,-1,-0.6295843906950692,True
118.8,3699.0,56.6,76.6,54.7,89.3,43.1,13.93,85.1,32.4,31.6,31.9,31.7,-1,-0.6295584576411445,True
120.4,3794.0,59.2,81.8,55.5,89.5,43.5,13.96,85.1,31.8,32.3,32.3,31.6,-1,-0.6294927168396488,True
24.5,1225.0,4.9,6.6,10.9,88.7,41.9,13.98,85.1,32.4,31.6,32.3,32.0,-1,-0.6291805448023438,True
120.0,3781.0,58.1,78.4,54.4,90.5,43.1,13.95,85.1,31.6,32.4,32.4,32.1,-1,-0.6289283226119061,True
118.0,3773.0,58.0,76.5,55.0,91.0,42.2,13.99,85.0,32.3,32.1,31.6,32.4,-1,-0.6288117254827993,True
126.4,3791.0,60.8,80.8,57.2,90.3,41.6,13.92,85.1,31.7,32.0,31.8,31.7,-1,-0.6287760089644567,True
125.8,3767.0,60.5,79.6,57.9,88.8,43.5,13.99,85.0,31.6,31.8,32.3,31.9,-1,-0.6287253649734559,True
122.1,3720.0,58.5,79.8,56.7,88.8,41.7,13.98,85.1,32.3,32.0,31.6,32.2,-1,-0.6287226614578625,True
2.1,1027.0,2.1,11.5,4.9,88.5,43.4,13.97,85.1,31.8,31.7,32.3,31.6,-1,-0.6287100048007211,True
117.1,3708.0,55.0,75.5,51.5,88.5,42.1,13.9,85.1,31.7,31.8,32.4,32.0,-1,-0.6286407215666604,True
119.4,3699.0,58.9,77.6,55.9,90.7,41.6,13.91,84.9,31.7,31.8,32.0,32.3,-1,-0.6286300051285434,True
122.0,3708.0,60.8,79.3,55.6,90.7,42.2,13.99,85.0,31.9,31.6,32.4,31.7,-1,-0.6285747307291405,True
126.5,3575.0,55.8,77.1,52.6,89.2,41.7,13.94,85.1,31.8,32.4,31.7,32.2,-1,-0.6284398592465755,True
6.4,1092.0,2.4,11.9,6.4,89.0,42.0,13.91,85.1,32.3,32.4,32.3,31.7,-1,-0.6281933504562569,True
124.1,3722.0,59.0,79.6,56.8,91.1,43.2,13.95,84.9,32.3,32.3,32.3,32.4,-1,-0.6281078765873745,True
121.3,3784.0,59.4,79.1,56.7,89.3,43.5,13.96,84.9,31.7,31.8,31.6,31.6,-1,-0.6280174823431026,True
125.5,3714.0,60.2,78.1,55.2,89.1,42.7,13.99,84.9,31.8,32.3,32.4,31.8,-1,-0.6280067962112507,True
119.7,3789.0,59.0,79.5,56.0,91.1,42.4,13.99,84.9,32.3,32.2,31.7,32.3,-1,-0.6279201969377508,True
119.7,3794.0,58.4,79.2,55.6,91.4,43.3,13.98,85.0,31.8,32.4,32.4,31.8,-1,-0.6279111589940626,True
124.8,3790.0,60.4,82.7,56.1,88.8,42.2,13.99,85.0,31.7,31.6,31.9,32.3,-1,-0.6278139564962252,True
19.6,1289.0,5.3,7.9,11.5,88.5,41.9,13.93,84.9,32.4,32.4,32.3,31.7,-1,-0.6277960559869425,True
119.4,3733.0,59.7,79.8,56.4,89.4,41.7,13.96,85.1,32.2,32.3,31.6,32.3,-1,-0.6277615004166835,True
100.5,3379.0,46.9,67.0,47.9,88.7,42.9,13.9,85.1,32.4,32.3,31.7,32.4,-1,-0.6277214554977161,True
121.6,3728.0,59.8,77.5,55.9,89.7,41.8,13.9,84.9,31.6,32.3,31.7,32.1,-1,-0.627663744716287,True
118.5,3778.0,57.1,77.1,52.4,90.5,43.0,13.99,85.1,31.6,31.9,31.7,31.9,-1,-0.6275098729325524,True
125.2,3709.0,60.3,81.4,58.2,90.6,43.2,13.99,84.9,31.6,31.7,32.1,32.1,-1,-0.6273708469304705,True
125.0,3745.0,59.9,80.6,57.8,91.1,43.1,13.9,85.0,32.3,31.7,32.2,31.7,-1,-0.6273434759937274,True
117.6,3765.0,58.4,76.3,56.8,89.3,41.6,13.99,85.0,32.4,32.2,31.6,32.2,-1,-0.6272487310465572,True
116.2,3751.0,55.4,73.0,51.4,90.9,43.4,13.9,85.1,32.0,31.7,31.7,32.3,-1,-0.6272475505422426,True
121.3,3714.0,60.4,82.1,58.4,90.5,42.8,13.97,85.1,32.2,31.7,31.8,32.4,-1,-0.6272390180108248,True
117.0,3793.0,58.1,77.3,55.8,89.4,42.5,13.9,84.9,31.6,31.8,31.7,32.2,-1,-0.6271433527924003,True
118.6,3772.0,58.6,78.6,57.7,89.3,42.9,13.92,85.1,31.6,31.8,31.7,31.8,-1,-0.6269903993509989,True
121.3,3794.0,60.5,81.2,55.7,90.6,41.7,13.99,84.9,31.9,32.4,31.9,32.2,-1,-0.6269786402384424,True
10.1,1041.0,2.1,9.4,7.6,88.7,42.1,13.99,84.9,31.6,31.6,31.9,32.3,-1,-0.6269571247749366,True
2.7,1102.0,2.1,11.3,5.9,88.7,42.0,13.97,85.1,32.3,31.7,31.6,32.3,-1,-0.6269151352585028,True
8.9,1021.0,2.1,3.7,6.3,88.9,42.0,13.9,84.9,32.4,31.7,32.2,32.3,-1,-0.6268607071973439,True
122.1,3716.0,60.1,79.9,58.7,90.8,41.9,13.9,85.1,31.7,32.2,32.1,32.3,-1,-0.6268537439081436,True
117.1,3732.0,57.5,78.4,53.0,91.0,42.3,13.92,85.1,31.6,32.3,31.7,31.7,-1,-0.626739769878761,True
126.6,3543.0,55.7,74.2,53.2,88.8,41.8,13.93,85.1,32.3,31.7,32.4,32.3,-1,-0.6267119043891177,True
109.2,3611.0,52.6,71.8,49.3,91.3,43.3,13.91,84.9,31.8,32.3,32.3,32.4,-1,-0.6266280889918189,True
126.6,3577.0,56.1,76.8,55.7,88.7,43.3,13.99,84.9,32.4,32.0,31.7,31.7,-1,-0.6266257928450731,True
126.8,3478.0,52.0,71.8,53.5,89.0,43.2,13.98,85.1,32.0,31.7,31.7,31.6,-1,-0.6265624867123216,True
111.2,3676.0,53.8,71.5,50.1,91.2,41.9,13.9,85.1,31.8,31.7,31.9,32.4,-1,-0.626461812991894,True
6.7,1069.0,2.3,11.0,4.8,88.5,41.7,13.95,85.1,31.6,32.1,32.4,31.7,-1,-0.6263599170956313,True
116.1,3751.0,56.9,78.5,52.2,89.0,42.0,13.95,84.9,32.4,32.2,32.4,31.6,-1,-0.6263251304388444,True
23.9,1225.0,5.0,7.5,11.7,91.1,41.6,13.9,85.0,31.8,31.6,32.3,31.6,-1,-0.6263195387753606,True
6.4,1021.0,2.8,12.6,5.6,89.5,41.6,13.97,84.9,31.7,32.2,32.4,32.4,-1,-0.6262661375841707,True
118.8,3702.0,59.8,78.1,56.4,91.1,42.1,13.99,85.1,32.0,31.9,32.2,31.7,-1,-0.6262606490243787,True
3.1,1012.0,2.0,11.4,4.9,88.7,42.1,13.98,84.9,32.4,31.6,32.0,31.7,-1,-0.6262196595397369,True
28.1,1350.0,7.7,13.8,10.6,88.8,42.1,13.91,84.9,31.6,31.6,31.6,31.6,-1,-0.6261686035925974,True
120.2,3739.0,58.3,78.8,52.9,90.7,42.1,13.92,85.0,32.2,31.6,31.7,32.4,-1,-0.6260196700354466,True
2.6,1027.0,3.3,10.8,7.0,90.7,41.8,13.9,84.9,32.4,31.9,32.4,32.2,-1,-0.6260151713715388,True
14.8,1010.0,1.7,6.8,6.7,89.5,43.5,13.9,84.9,31.7,32.2,31.7,32.4,-1,-0.6260095454961728,True
118.7,3705.0,57.9,79.7,55.8,90.8,42.1,13.98,85.1,31.8,32.1,31.7,32.3,-1,-0.6258376123545221,True
121.9,3736.0,58.9,80.0,57.4,89.5,42.0,13.99,84.9,31.7,31.8,32.3,31.8,-1,-0.6258342729670302,True
121.7,3756.0,59.3,80.1,55.4,91.2,41.8,13.92,84.9,31.8,31.7,32.2,32.3,-1,-0.625689774172343,True
122.1,3614.0,55.9,76.7,52.6,91.0,41.7,13.98,85.1,31.9,31.8,32.4,31.7,-1,-0.625634374975966,True
116.3,3735.0,57.5,74.8,53.8,88.8,43.1,13.99,85.1,31.7,32.4,31.8,32.1,-1,-0.6256140510887884,True
27.5,1397.0,6.7,10.8,13.9,89.4,41.6,13.97,85.1,32.3,32.2,32.4,31.7,-1,-0.625611045336992,True
10.0,1060.0,2.0,11.3,6.0,88.8,41.6,13.98,84.9,31.7,32.3,32.3,32.3,-1,-0.6255821410480286,True
17.4,1020.0,3.3,7.1,8.9,89.3,43.5,13.92,85.1,31.6,32.2,31.9,32.4,-1,-0.6255194496995833,True
4.7,1043.0,2.2,14.1,8.1,88.5,43.5,13.91,84.9,32.4,32.3,32.4,32.1,-1,-0.6254717944074526,True
128.9,3286.0,43.7,64.6,49.7,91.5,41.6,13.93,84.9,31.7,31.6,32.4,31.7,-1,-0.6254592576382365,True
121.2,3770.0,59.1,81.2,56.2,90.5,42.8,13.93,84.9,32.4,31.6,32.2,31.7,-1,-0.6253366946467179,True
123.7,3604.0,55.5,76.8,53.5,91.1,43.1,13.91,85.1,32.4,31.7,32.3,32.2,-1,-0.625318526107971,True
43.6,1540.0,8.3,17.4,14.7,88.7,41.6,13.91,85.1,31.6,31.6,31.8,32.1,-1,-0.6252333814767359,True
124.5,3597.0,56.6,75.8,53.8,91.4,43.4,13.98,85.1,31.6,31.9,31.6,31.9,-1,-0.625224978863802,True
11.9,1092.0,2.8,7.7,8.0,88.8,43.5,13.9,85.0,32.3,31.6,31.6,32.2,-1,-0.6252246902284583,True
1.3,1070.0,1.9,10.8,7.0,89.3,43.2,13.9,85.1,31.9,31.6,32.2,32.3,-1,-0.6252004062494139,True
17.6,1610.0,14.1,24.0,13.5,88.8,41.8,13.99,85.0,31.7,31.6,31.7,32.4,-1,-0.6251628935557813,True
4.1,1046.0,2.7,11.7,6.6,91.4,41.7,13.9,84.9,32.0,31.6,32.2,31.6,-1,-0.6250083128611358,True
127.0,3607.0,54.7,76.8,54.9,88.6,41.8,13.93,85.1,32.3,32.2,31.7,31.6,-1,-0.6250033800236843,True
4.2,1029.0,3.2,9.9,6.4,90.5,43.3,13.91,85.1,32.2,31.6,32.3,31.7,-1,-0.6249031097629527,True
20.6,1312.0,5.5,7.9,11.9,88.5,43.0,13.9,84.9,31.6,32.1,32.3,31.6,-1,-0.6248157944735826,True
122.1,3762.0,60.0,80.7,57.1,90.9,43.4,13.91,85.1,32.3,31.7,31.9,32.1,-1,-0.6248025143326675,True
125.3,3699.0,60.5,80.2,57.9,89.1,43.3,13.9,85.0,31.7,31.7,32.2,32.3,-1,-0.624780920379209,True
122.4,3788.0,61.3,82.5,55.6,90.8,43.2,13.96,84.9,31.7,32.0,31.8,32.4,-1,-0.6245710557073336,True
118.9,3768.0,58.8,80.0,54.6,89.2,41.6,13.99,84.9,31.7,32.1,32.1,31.8,-1,-0.6245529315417045,True
115.2,3766.0,56.5,74.8,52.3,88.7,43.3,13.9,84.9,32.0,32.1,31.7,32.4,-1,-0.624478386608182,True
123.3,3751.0,60.4,81.4,58.5,88.8,41.7,13.9,85.0,32.4,32.1,31.7,32.1,-1,-0.6243202936967078,True
27.1,1346.0,5.4,9.0,9.7,88.7,41.8,13.9,85.1,32.0,31.8,32.4,31.6,-1,-0.6242487370160915,True
122.1,3747.0,59.9,78.9,56.6,91.1,42.2,13.91,84.9,31.6,31.7,32.2,31.7,-1,-0.6242408436379061,True
114.5,3741.0,56.2,76.4,53.9,90.9,43.5,13.9,85.1,31.7,31.8,32.3,32.0,-1,-0.6241955367659099,True
121.6,3706.0,59.8,79.4,56.6,91.2,43.1,13.92,85.0,31.7,32.3,31.7,31.6,-1,-0.6241781029103409,True
122.2,3759.0,60.3,80.6,57.8,89.4,43.2,13.97,85.1,32.2,31.9,31.6,32.3,-1,-0.6241424811245208,True
123.1,3777.0,59.9,78.8,54.1,89.5,43.3,13.92,85.1,31.8,32.3,32.4,31.8,-1,-0.6241404932747706,True
11.1,1042.0,2.3,6.4,7.0,91.1,41.6,13.95,85.1,31.7,32.4,32.2,32.4,-1,-0.6241035420748079,True
10.8,1008.0,2.3,8.5,5.5,89.0,42.0,13.97,85.0,31.7,31.6,32.4,32.4,-1,-0.6240633628397295,True
16.3,1239.0,4.7,9.1,10.9,88.8,42.9,13.99,85.1,31.9,31.6,32.3,31.7,-1,-0.6240472662157286,True
127.5,3532.0,54.7,75.7,55.5,90.9,43.4,13.91,84.9,31.8,32.4,31.7,31.8,-1,-0.6240329945371899,True
119.2,3741.0,59.7,80.9,54.3,91.5,42.3,13.99,85.1,32.4,32.0,31.9,32.2,-1,-0.6239982106888852,True
121.6,3793.0,59.9,81.3,55.9,90.4,42.0,13.94,84.9,32.3,32.3,31.7,32.4,-1,-0.6239912140407233,True
113.2,3578.0,52.4,72.7,50.7,90.9,41.9,13.99,84.9,32.1,31.6,32.4,32.3,-1,-0.6239627894764167,True
116.4,3758.0,56.6,74.8,55.0,89.1,43.5,13.98,85.1,31.9,31.8,31.7,32.3,-1,-0.6239488821798682,True
60.2,2263.0,19.3,36.6,21.8,88.7,41.6,13.91,85.1,31.7,32.4,32.4,32.3,-1,-0.623928219626545,True
119.6,3739.0,57.0,78.3,54.9,88.8,42.0,13.94,84.9,32.2,31.6,31.6,32.2,-1,-0.6238991210303314,True
112.4,3613.0,54.1,73.0,50.7,89.0,43.3,13.9,84.9,31.9,31.6,32.3,31.7,-1,-0.6238578451818859,True
127.7,3490.0,51.4,70.8,51.9,91.4,42.2,13.95,85.1,32.3,32.4,31.7,31.9,-1,-0.623857520778856,True
123.3,3745.0,59.4,77.4,55.6,88.7,43.0,13.9,85.1,32.4,32.1,31.6,32.1,-1,-0.6237118065447076,True
126.6,3724.0,60.6,80.2,58.3,91.3,42.8,13.9,85.0,31.9,32.2,32.3,32.4,-1,-0.6236844538172732,True
9.3,1076.0,3.2,3.8,7.3,90.8,43.4,13.93,85.1,32.4,31.7,31.6,31.6,-1,-0.623552120664794,True
120.8,3774.0,59.9,79.1,55.0,88.5,43.1,13.95,84.9,31.8,31.9,31.8,32.4,-1,-0.6234278702949572,True
123.7,3763.0,60.2,79.9,57.5,91.1,41.8,13.99,85.0,31.9,31.7,31.6,31.8,-1,-0.6233233123670299,True
110.4,3700.0,54.6,74.7,49.9,88.6,42.9,13.9,85.1,32.3,31.6,32.0,31.8,-1,-0.6232261635136183,True
121.4,3713.0,59.7,80.7,56.7,91.1,43.1,13.9,85.1,32.4,32.3,32.0,31.8,-1,-0.6231699041709705,True
125.5,3774.0,61.7,82.2,58.9,89.4,42.7,13.99,85.1,32.4,31.8,31.9,32.1,-1,-0.6230365916553858,True
121.6,3700.0,59.7,80.2,57.3,89.1,43.1,13.92,85.0,31.7,31.6,32.3,32.2,-1,-0.6230068784180557,True
119.2,3743.0,58.0,77.2,55.6,88.5,41.6,13.97,84.9,32.3,32.1,32.3,31.7,-1,-0.6229973364768144,True
124.1,3712.0,61.4,79.0,56.3,89.2,42.9,13.9,85.0,31.6,31.8,31.9,32.4,-1,-0.6229931363960793,True
14.5,1343.0,8.8,17.6,10.9,88.5,42.8,13.99,84.9,32.3,32.3,31.6,32.3,-1,-0.622991023183625,True
3.6,1079.0,2.1,13.4,6.3,88.6,42.7,13.92,85.1,32.3,31.8,32.3,32.4,-1,-0.622936293394758,True
4.9,1080.0,3.0,13.3,7.1,89.1,41.9,13.91,85.1,31.6,31.9,32.2,31.6,-1,-0.6229267168091323,True
123.3,3745.0,60.0,80.6,57.7,89.3,42.1,13.9,85.0,32.1,31.6,31.6,31.7,-1,-0.6228537809432014,True
124.6,3705.0,61.5,80.1,55.6,91.5,42.0,13.91,85.0,32.3,32.4,31.9,32.3,-1,-0.6227808515871894,True
127.4,3533.0,54.9,75.5,54.6,91.4,42.7,13.93,85.1,32.2,32.4,31.7,31.8,-1,-0.6227631993488872,True
24.1,1392.0,5.4,8.6,12.3,89.1,43.2,13.9,84.9,32.3,32.3,32.4,32.2,-1,-0.6227076035709838,True
4.8,1022.0,3.5,12.9,8.2,91.0,43.4,13.99,85.1,32.2,31.8,32.4,32.4,-1,-0.6226964107841416,True
121.2,3773.0,60.0,81.8,57.3,88.8,42.1,13.9,85.0,32.4,32.3,32.2,32.2,-1,-0.6226092298229269,True
114.3,3793.0,56.0,75.2,51.8,88.6,41.6,13.92,85.0,31.7,31.8,32.2,32.4,-1,-0.6225904365616278,True
7.3,1084.0,2.7,7.0,8.4,91.3,41.6,13.98,85.1,31.7,32.4,32.3,32.0,-1,-0.6224831004384157,True
117.9,3704.0,57.6,77.9,55.4,90.5,41.7,13.91,85.1,32.4,32.1,32.2,32.3,-1,-0.6224573713846477,True
115.0,3697.0,55.8,75.6,52.1,91.3,42.1,13.97,85.1,32.4,31.7,32.1,31.6,-1,-0.6223058486778452,True
113.5,3722.0,56.3,73.6,54.8,91.2,41.9,13.96,85.1,31.8,31.8,32.1,32.4,-1,-0.6222913210691198,True
123.4,3589.0,56.5,76.9,55.7,88.6,42.0,13.91,84.9,32.0,31.6,31.7,32.0,-1,-0.622262871090627,True
1.3,1043.0,2.8,12.9,6.8,90.8,41.7,13.9,84.9,32.4,32.2,32.4,32.1,-1,-0.6221967236877083,True
2.8,1044.0,3.3,12.9,7.7,89.2,41.8,13.91,84.9,31.7,32.4,31.7,32.3,-1,-0.6221358925850962,True
7.8,1042.0,2.5,9.2,8.2,91.1,43.5,13.98,84.9,31.6,31.6,32.3,31.7,-1,-0.6220903189173952,True
115.3,3707.0,56.1,75.6,54.1,90.1,41.6,13.93,85.1,32.3,31.7,32.2,32.4,-1,-0.6220889779385258,True
116.9,3701.0,58.6,78.1,55.5,89.6,42.1,13.99,84.9,31.9,31.8,32.3,32.3,-1,-0.6220628640394317,True
-0.3,1098.0,3.3,14.4,6.8,88.6,43.3,13.92,84.9,31.8,32.3,32.3,32.4,-1,-0.6220196048514995,True
126.1,3782.0,61.3,80.1,57.9,90.1,42.3,13.9,85.1,31.8,31.8,32.2,31.7,-1,-0.621936932040779,True
124.1,3716.0,60.2,78.1,57.4,88.6,42.9,13.9,85.1,31.7,31.7,32.1,32.2,-1,-0.621910212863801,True
121.5,3733.0,58.3,77.7,54.3,91.5,42.5,13.94,85.1,31.6,31.7,31.6,31.9,-1,-0.6218579848082147,True
114.3,3620.0,53.2,71.9,53.5,90.9,41.7,13.97,85.1,32.3,31.7,31.9,32.4,-1,-0.6217657433657938,True
119.4,3732.0,58.9,79.8,54.4,88.6,41.6,13.94,84.9,31.9,32.2,32.3,31.7,-1,-0.621754110937392,True
4.1,1083.0,1.9,13.3,7.1,89.2,41.6,13.93,84.9,31.6,31.7,32.4,32.3,-1,-0.6217036663163499,True
123.6,3538.0,56.1,75.1,55.4,88.9,41.8,13.9,85.0,32.1,31.6,31.7,32.3,-1,-0.6216919384621554,True
120.1,3760.0,59.1,80.7,54.0,88.9,43.4,13.97,85.1,32.2,32.1,32.3,31.7,-1,-0.6216282277713809,True
119.4,3787.0,58.1,77.1,56.0,89.5,43.2,13.94,85.1,32.1,31.7,31.7,31.6,-1,-0.6215041849878291,True
123.9,3730.0,60.2,81.5,57.8,89.1,42.5,13.92,84.9,32.3,31.8,31.6,31.8,-1,-0.6215019525664314,True
119.5,3767.0,57.6,79.2,54.0,88.6,41.6,13.9,84.9,31.7,32.1,32.0,31.7,-1,-0.621404138256512,True
53.9,2726.0,34.1,53.8,30.0,91.4,41.6,13.9,85.1,32.2,32.4,32.3,31.6,-1,-0.6213934706313776,True
121.9,3767.0,60.6,80.1,58.5,91.5,42.1,13.95,85.1,31.8,32.2,32.2,31.7,-1,-0.621360863162993,True
125.9,3747.0,59.7,78.0,55.6,91.0,43.3,13.93,84.9,31.7,32.3,31.6,31.8,-1,-0.6213478856540355,True
110.5,3633.0,54.5,71.9,51.9,89.6,41.7,13.92,85.1,32.2,31.6,32.2,32.4,-1,-0.6213357172461117,True
13.7,1165.0,3.1,5.7,9.1,88.6,43.1,13.99,85.1,32.4,32.4,31.7,32.0,-1,-0.621321942790254,True
117.3,3721.0,57.3,78.7,54.3,89.0,42.8,13.96,85.1,32.1,31.7,31.6,32.4,-1,-0.6213028860665388,True
122.4,3792.0,58.2,78.9,53.4,88.9,43.1,13.91,85.0,31.6,32.4,32.3,32.3,-1,-0.6213024587851762,True
2.8,1103.0,2.1,11.5,7.2,89.3,42.0,13.99,84.9,31.9,32.4,32.4,31.7,-1,-0.6212949910438447,True
120.8,3760.0,57.8,74.6,52.8,89.5,42.1,13.9,85.1,31.6,31.6,32.0,31.6,-1,-0.6212854131642216,True
3.7,1075.0,3.3,12.6,7.2,88.5,43.5,13.96,85.1,32.2,31.6,31.7,32.2,-1,-0.621267052129869,True
127.3,3512.0,51.4,72.7,52.0,88.6,43.2,13.97,84.9,31.6,31.8,31.8,32.3,-1,-0.6212663598633044,True
8.1,1080.0,2.7,7.4,5.5,90.7,41.6,13.91,85.1,31.8,31.8,32.2,32.4,-1,-0.6212602363003451,True
124.3,3715.0,60.7,81.7,55.7,88.6,41.9,13.99,85.0,32.1,32.4,32.3,32.1,-1,-0.6212504974171583,True
100.6,3450.0,46.4,67.9,45.8,89.2,43.4,13.92,84.9,31.6,32.4,32.3,31.6,-1,-0.6212228440641107,True
113.7,3734.0,56.6,74.0,51.3,89.6,43.4,13.99,84.9,31.7,32.4,31.9,32.2,-1,-0.6212006300528583,True
26.0,1417.0,5.0,11.8,10.4,88.8,42.6,13.9,85.1,32.3,32.4,32.3,32.0,-1,-0.6211038097097729,True
122.1,3700.0,59.9,79.4,57.5,88.5,42.7,13.92,85.1,32.1,31.7,31.6,31.8,-1,-0.6210631199286635,True
125.9,3520.0,50.7,71.7,52.6,88.5,43.4,13.91,84.9,31.7,32.0,32.4,32.3,-1,-0.6209959370188591,True
5.6,1093.0,3.3,10.6,5.3,90.3,41.6,13.92,84.9,32.3,32.3,32.3,32.3,-1,-0.6209507484049008,True
2.1,1052.0,2.7,13.9,8.2,91.3,41.8,13.97,85.1,32.3,31.7,31.7,32.3,-1,-0.620831784426117,True
3.7,1079.0,3.2,11.8,8.2,91.5,41.7,13.92,85.1,32.4,31.7,32.3,31.8,-1,-0.6208146099873991,True
13.3,1012.0,3.8,7.2,7.3,89.3,43.3,13.99,84.9,32.4,31.7,31.9,31.6,-1,-0.6208068352766779,True
122.4,3699.0,58.8,78.2,56.4,89.8,42.7,13.91,85.1,32.4,31.7,31.7,32.1,-1,-0.6207999032749654,True
23.5,1181.0,6.0,9.1,11.6,89.3,43.3,13.95,85.1,32.3,32.4,32.3,32.2,-1,-0.620710256345116,True
20.1,1130.0,4.7,6.4,10.1,88.7,41.9,13.93,85.1,32.4,32.4,31.8,31.8,-1,-0.6206776455957473,True
5.9,1025.0,2.4,11.0,5.4,88.8,41.9,13.9,85.1,32.4,31.7,31.6,31.9,-1,-0.6206532773940853,True
114.5,3639.0,54.1,74.3,53.4,90.0,42.2,13.91,85.1,31.7,32.4,32.4,31.7,-1,-0.6205836219762433,True
124.8,3775.0,60.8,82.7,59.0,91.2,43.0,13.96,85.1,31.6,31.9,32.2,31.7,-1,-0.6204009678219997,True
109.1,3594.0,51.5,69.9,50.4,91.3,43.4,13.9,85.1,32.2,31.7,32.1,31.8,-1,-0.620370084661506,True
121.2,3737.0,58.2,78.0,56.4,90.0,42.7,13.96,84.9,32.4,31.6,31.7,31.7,-1,-0.6203542847797218,True
115.1,3730.0,56.3,76.1,51.8,91.5,41.6,13.91,84.9,32.3,32.0,31.8,32.3,-1,-0.6202630384814668,True
12.6,1056.0,2.4,8.2,6.4,90.8,41.9,13.99,85.1,32.3,31.7,31.7,32.3,-1,-0.6202101041458246,True
120.0,3726.0,57.5,77.5,55.5,91.4,42.7,13.98,85.1,31.7,32.3,32.2,32.3,-1,-0.6201464751295808,True
101.6,3399.0,47.5,66.4,47.4,90.8,43.4,13.91,85.1,32.3,31.7,32.4,31.7,-1,-0.6201441004917695,True
110.3,3537.0,53.1,71.9,48.3,91.1,41.9,13.92,85.1,32.0,31.7,31.6,32.4,-1,-0.620095247782368,True
114.0,3721.0,55.2,76.0,51.2,88.7,42.8,13.9,85.0,32.4,32.4,32.4,31.9,-1,-0.6200792911182568,True
125.8,3698.0,60.8,81.4,57.5,89.0,42.9,13.92,85.1,32.1,32.2,32.3,32.2,-1,-0.6200694723581701,True
16.9,1072.0,4.3,5.9,8.5,88.9,42.1,13.91,84.9,32.4,31.7,31.7,32.3,-1,-0.6200531608586823,True
117.6,3768.0,57.3,77.9,56.6,88.8,42.5,13.92,85.0,32.4,32.2,32.4,32.4,-1,-0.6200051917108931,True
127.9,3523.0,50.9,70.3,52.5,91.5,42.9,13.99,84.9,31.7,31.7,31.9,31.7,-1,-0.6200013747703045,True
124.2,3699.0,58.2,78.0,57.0,89.3,41.7,13.96,85.1,31.9,32.4,32.1,32.2,-1,-0.6199941635044891,True
123.4,3532.0,54.6,76.0,53.9,90.6,41.7,13.99,84.9,32.3,31.8,32.2,31.6,-1,-0.6199746367969013,True
103.0,3410.0,46.5,66.9,48.1,88.6,42.9,13.97,84.9,31.7,32.4,31.6,31.7,-1,-0.6199078810224701,True
32.1,1452.0,6.8,14.4,12.6,91.4,43.5,13.96,84.9,31.7,31.6,31.7,32.3,-1,-0.6199054037729239,True
11.2,1078.0,3.4,6.6,4.7,90.3,42.4,13.99,84.9,31.7,31.6,31.6,32.3,-1,-0.6199004033060805,True
122.0,3715.0,59.8,78.9,55.2,89.7,43.3,13.99,85.0,32.2,32.3,32.4,31.7,-1,-0.6198950757836148,True
125.9,3745.0,59.8,80.6,59.4,91.4,43.5,13.95,84.9,32.2,32.3,32.1,32.4,-1,-0.6198251121307222,True
118.2,3746.0,56.5,77.2,55.4,89.6,42.5,13.9,85.1,31.7,31.7,32.4,32.1,-1,-0.6198211367468068,True
125.5,3711.0,59.3,80.7,57.3,91.3,42.7,13.9,85.0,31.8,31.7,32.3,32.3,-1,-0.6197284431904607,True
115.4,3729.0,55.9,72.9,54.1,91.2,43.2,13.95,85.1,32.1,31.6,31.8,32.2,-1,-0.6197128501117568,True
107.5,3614.0,51.5,71.3,51.5,91.4,41.9,13.93,85.1,31.7,32.4,31.9,31.6,-1,-0.6196821392769131,True
8.1,1014.0,2.6,8.9,4.8,88.5,42.0,13.97,85.1,31.8,31.7,31.8,32.4,-1,-0.6196687453113431,True
9.7,1092.0,2.2,10.6,7.1,91.3,41.7,13.99,85.1,32.4,32.3,32.1,32.3,-1,-0.6196242347743286,True
5.9,1067.0,2.6,8.1,5.8,88.7,41.8,13.97,85.1,32.3,32.4,32.1,31.6,-1,-0.6196052787973786,True
121.6,3731.0,60.5,80.6,58.7,91.0,41.7,13.98,84.9,32.0,32.0,32.3,32.3,-1,-0.6195441012604026,True
6.2,1082.0,3.1,7.9,5.8,90.7,42.1,13.98,85.1,31.9,31.6,32.2,32.4,-1,-0.6195125882919161,True
49.9,1677.0,11.2,17.0,17.1,88.5,41.7,13.91,84.9,32.1,32.2,32.4,32.3,-1,-0.6194820374654483,True
127.0,3698.0,60.4,82.3,56.8,88.7,42.2,13.98,85.1,31.9,31.7,32.1,31.9,-1,-0.6194701170738425,True
7.6,1064.0,2.1,8.2,6.6,89.5,42.7,13.9,84.9,32.4,32.2,32.4,32.3,-1,-0.6194103143312506,True
119.3,3722.0,58.1,78.5,57.3,88.6,43.5,13.95,85.0,32.3,31.7,31.7,32.3,-1,-0.6193386141791354,True
4.1,1071.0,3.2,12.1,4.7,89.8,43.4,13.91,85.1,31.6,31.8,32.1,31.6,-1,-0.6193213419541034,True
112.8,3587.0,52.9,70.5,50.7,91.0,42.9,13.98,85.1,31.7,31.6,32.4,31.9,-1,-0.6192976398504528,True
115.4,3767.0,55.6,76.7,54.0,89.3,42.9,13.99,85.1,32.4,32.2,31.7,32.0,-1,-0.6192346434762553,True
122.8,3739.0,60.2,81.7,56.4,89.4,41.8,13.92,84.9,32.3,32.1,32.2,32.4,-1,-0.6191968760475681,True
15.6,1049.0,1.6,5.8,6.3,91.4,41.9,13.97,84.9,31.6,31.7,32.4,31.7,-1,-0.6191896044811902,True
9.2,1363.0,9.4,20.7,12.2,91.3,41.9,13.98,84.9,32.3,32.1,32.3,32.4,-1,-0.6191439731815422,True
123.4,3776.0,61.5,80.5,55.9,90.7,43.1,13.99,85.1,32.3,32.1,32.2,31.9,-1,-0.6191001030102387,True
4.9,1032.0,2.3,11.7,5.2,90.5,43.4,13.9,84.9,31.8,31.6,32.4,31.9,-1,-0.6190792735301438,True
25.7,1008.0,7.5,22.4,18.0,90.9,41.6,13.99,85.1,31.9,31.6,32.0,32.4,-1,-0.619078918834763,True
9.5,1039.0,1.9,8.0,7.0,91.3,43.2,13.9,85.1,32.2,31.6,31.9,31.7,-1,-0.6190039671716788,True
113.4,3741.0,55.1,72.9,53.2,89.3,41.9,13.9,84.9,31.6,32.4,32.2,31.9,-1,-0.618969962579783,True
118.8,3795.0,58.8,78.1,56.4,90.2,43.4,13.92,85.1,31.6,32.0,32.2,31.7,-1,-0.618946789131219,True
109.0,3448.0,50.6,69.1,50.1,89.3,43.5,13.91,84.9,32.3,32.3,32.4,31.6,-1,-0.6189306278055853,True
118.8,3752.0,58.3,77.9,56.7,91.4,43.0,13.93,84.9,31.8,31.8,32.4,32.2,-1,-0.6189032501383296,True
127.4,3014.0,31.1,52.9,42.4,88.8,43.2,13.99,84.9,31.7,31.6,32.3,32.4,-1,-0.6188104231204771,True
17.4,1237.0,4.2,5.9,10.5,88.9,42.2,13.99,85.1,32.2,31.6,31.8,31.7,-1,-0.6187548250079711,True
119.4,3766.0,58.2,78.1,56.9,89.6,43.5,13.99,85.1,31.7,31.9,31.9,32.3,-1,-0.6186266190748294,True
8.1,1086.0,2.1,8.8,5.1,90.2,42.2,13.99,85.1,31.7,31.7,32.4,32.3,-1,-0.6186167078790663,True
122.3,3738.0,57.2,76.2,53.0,88.9,42.6,13.91,85.0,31.7,31.6,31.7,32.4,-1,-0.6185743977557575,True
116.0,3785.0,57.0,75.4,53.8,90.1,42.0,13.99,85.1,32.1,32.4,31.8,31.7,-1,-0.6185619998484757,True
124.4,3366.0,46.4,68.5,49.4,91.3,43.4,13.9,85.1,31.7,31.7,32.2,31.8,-1,-0.6185422620760934,True
121.0,3755.0,58.5,80.8,57.2,88.7,43.0,13.99,84.9,31.8,32.2,32.1,31.7,-1,-0.6185302130103839,True
58.0,1779.0,12.6,20.4,19.1,88.7,41.9,13.99,84.9,32.4,32.1,32.4,31.7,-1,-0.6184909037463725,True
5.1,1072.0,2.7,10.7,8.1,90.7,41.6,13.9,85.1,32.1,32.2,31.6,32.2,-1,-0.6184755338911768,True
121.6,3744.0,59.9,78.7,57.7,89.9,43.3,13.97,85.1,32.0,31.6,32.4,32.2,-1,-0.6184671469862185,True
125.6,3732.0,60.0,80.7,54.7,90.7,42.1,13.92,85.1,31.8,32.1,32.4,31.8,-1,-0.6184653005472749,True
9.9,1083.0,1.7,5.1,5.5,90.2,43.2,13.91,84.9,32.3,32.4,32.3,32.3,-1,-0.6183879264834685,True
121.4,3696.0,59.9,79.7,55.6,89.9,42.0,13.99,84.9,31.6,32.0,32.3,32.2,-1,-0.6183496669892176,True
128.7,3455.0,52.0,73.2,51.1,91.3,41.7,13.9,85.1,32.1,31.7,31.8,32.2,-1,-0.618261534777867,True
15.9,1097.0,2.6,8.6,7.8,90.9,43.1,13.97,84.9,32.3,31.6,32.4,32.2,-1,-0.6182606839395434,True
118.9,3779.0,59.8,78.0,55.7,91.4,42.7,13.91,85.1,31.7,31.9,32.3,32.1,-1,-0.6182358965334848,True
118.1,3777.0,57.4,76.3,53.9,88.6,41.7,13.99,84.9,32.3,32.3,31.9,31.9,-1,-0.6181566624121576,True
8.8,1021.0,2.2,9.3,5.5,90.9,41.6,13.99,84.9,32.3,31.6,31.7,31.9,-1,-0.6181158925422414,True
117.9,3751.0,58.3,78.2,55.8,89.1,42.2,13.97,85.1,32.4,31.9,31.7,31.7,-1,-0.61808347672685,True
31.7,1434.0,6.6,11.6,13.5,90.9,42.2,13.98,85.1,32.3,32.1,32.4,32.4,-1,-0.6180583714901382,True
120.6,3794.0,59.3,79.8,57.2,88.8,41.6,13.95,85.0,32.2,32.3,32.3,32.4,-1,-0.618030342916616,True
4.1,1093.0,2.0,13.0,7.5,89.3,41.6,13.91,84.9,32.0,32.4,32.3,32.3,-1,-0.6180119735005926,True
44.7,1671.0,10.5,19.8,17.0,91.5,41.6,13.91,85.1,31.8,32.3,31.8,31.6,-1,-0.6179649632979212,True
125.0,3536.0,56.4,74.2,56.0,89.8,42.4,13.99,85.1,32.0,32.2,31.6,31.6,-1,-0.6177230336671315,True
12.1,1078.0,2.3,6.7,7.7,91.1,41.6,13.92,85.1,31.7,32.1,32.4,32.1,-1,-0.6177196768659927,True
125.0,3747.0,60.5,81.3,58.9,90.8,43.0,13.94,85.1,32.1,31.8,32.3,31.6,-1,-0.6177005057099871,True
128.8,3031.0,33.0,54.5,45.0,91.3,43.3,13.9,85.1,32.4,32.1,31.9,32.4,-1,-0.6176523923612607,True
118.9,3791.0,58.7,78.5,55.4,91.0,41.8,13.94,85.1,32.3,31.9,31.7,31.7,-1,-0.6176377303538022,True
37.5,1509.0,7.6,15.0,12.8,91.1,41.7,13.91,85.1,31.8,31.6,31.8,32.3,-1,-0.6176370115626537,True
3.4,1094.0,1.6,13.4,7.9,90.3,42.7,13.91,85.1,31.7,31.6,32.2,32.3,-1,-0.617633656909567,True
123.8,3772.0,59.4,79.6,57.2,89.6,41.6,13.98,84.9,32.3,32.1,32.0,31.6,-1,-0.6176219526341528,True
120.0,3750.0,58.1,79.8,56.1,91.5,41.7,13.91,84.9,32.3,32.2,32.2,32.1,-1,-0.6175987203373425,True
119.9,3708.0,58.6,77.3,53.2,88.9,42.2,13.96,85.1,31.6,31.9,31.6,31.7,-1,-0.6175190613473268,True
122.3,3749.0,60.4,79.0,58.3,90.2,42.3,13.94,85.1,32.2,32.4,31.6,32.1,-1,-0.6174824164639536,True
7.1,1022.0,2.9,13.0,6.0,88.7,42.9,13.92,84.9,31.6,32.2,31.6,32.4,-1,-0.6174310441921681,True
11.6,1054.0,2.8,4.8,7.8,91.0,41.8,13.9,85.0,32.3,31.6,31.7,32.2,-1,-0.6174295065203246,True
122.7,3754.0,60.7,81.1,57.2,89.5,41.7,13.98,84.9,32.1,32.4,32.3,32.0,-1,-0.6174184516272749,True
123.4,3724.0,58.9,80.2,55.7,89.0,42.9,13.99,85.0,31.7,31.8,31.6,32.3,-1,-0.6172972920861335,True
118.3,3715.0,58.2,79.2,56.6,91.1,43.4,13.97,84.9,31.7,32.1,32.0,32.4,-1,-0.6172704133100715,True
1.4,1035.0,3.0,14.4,7.5,90.9,41.6,13.9,85.0,31.8,31.7,32.3,32.3,-1,-0.6172259757630032,True
123.4,3771.0,58.2,77.9,55.2,91.3,43.4,13.91,85.0,31.6,31.7,32.3,32.1,-1,-0.6172225852573758,True
118.3,3699.0,57.7,77.5,54.3,89.2,43.4,13.93,85.1,31.8,32.4,31.8,32.2,-1,-0.6171127502690162,True
17.3,1668.0,13.1,23.7,13.3,89.0,41.7,13.98,85.1,32.3,32.1,32.4,32.2,-1,-0.6170365460199194,True
112.9,3686.0,54.1,74.7,49.6,91.5,43.3,13.94,85.1,32.2,31.7,32.3,32.4,-1,-0.6170268911153364,True
23.1,1780.0,17.3,31.3,16.2,88.5,41.9,13.99,85.1,31.7,31.7,32.3,32.3,-1,-0.617003574726311,True
114.4,3791.0,55.3,73.5,54.1,91.2,41.7,13.9,85.1,32.2,32.0,31.6,32.1,-1,-0.6169822199419036,True
42.7,1610.0,9.5,17.1,16.5,88.5,43.1,13.91,84.9,32.0,31.6,32.4,32.3,-1,-0.6169227154385193,True
126.2,3789.0,59.9,81.2,58.7,89.9,41.8,13.99,84.9,32.1,31.9,31.6,32.3,-1,-0.6169071344648841,True
121.0,3713.0,56.9,75.0,55.7,91.1,42.9,13.93,85.1,31.9,31.7,31.6,32.2,-1,-0.61689915478043,True
122.8,3743.0,61.0,80.3,57.9,90.4,41.7,13.99,84.9,32.0,32.1,32.4,32.1,-1,-0.6168830080669467,True
122.9,3715.0,60.3,81.7,59.4,90.5,41.7,13.99,85.0,31.8,32.2,32.3,31.7,-1,-0.6168358395976632,True
123.7,3774.0,59.0,78.6,55.5,88.7,42.8,13.92,84.9,31.8,31.8,32.3,31.7,-1,-0.6167580747712758,True
127.5,3568.0,56.2,76.1,55.5,88.6,42.1,13.93,84.9,31.7,31.7,32.0,31.6,-1,-0.6167249354083695,True
127.8,3521.0,54.8,76.7,54.7,88.7,42.2,13.91,84.9,31.6,32.3,32.0,32.4,-1,-0.6167187140609374,True
13.1,1486.0,9.2,19.9,13.0,88.7,42.2,13.95,84.9,32.3,32.3,32.4,32.3,-1,-0.6166623392418006,True
17.2,1094.0,4.7,7.6,11.7,90.0,43.3,13.91,85.1,32.4,31.9,32.4,31.6,-1,-0.6166012246161326,True
6.3,1026.0,1.7,11.3,6.9,90.3,41.6,13.92,84.9,32.4,32.2,31.9,32.4,-1,-0.6165853665127713,True
9.7,1065.0,1.6,10.1,8.2,89.0,42.1,13.9,84.9,32.4,31.7,32.0,32.3,-1,-0.6165635085493905,True
116.5,3754.0,58.3,77.1,52.7,91.0,42.3,13.98,85.1,32.2,31.9,31.8,31.6,-1,-0.6165386244281831,True
3.4,1082.0,2.9,12.1,7.1,88.8,41.6,13.97,85.1,32.3,32.3,32.3,32.1,-1,-0.6165214680099529,True
24.9,1256.0,4.3,8.8,9.7,88.7,41.7,13.99,85.1,32.3,32.2,31.7,31.7,-1,-0.6165133234758748,True
69.2,3295.0,40.5,62.9,42.4,91.5,41.7,13.99,85.1,32.3,31.9,32.4,32.2,-1,-0.616512445148276,True
6.9,1023.0,2.4,10.8,5.4,90.1,41.8,13.9,85.1,32.3,31.8,32.4,32.1,-1,-0.616488095516781,True
118.1,3771.0,57.2,76.2,52.3,89.1,41.9,13.95,84.9,31.7,31.7,32.4,31.7,-1,-0.6164443087198797,True
127.1,3431.0,51.7,72.8,53.3,90.9,43.4,13.94,85.1,32.3,32.1,32.3,32.4,-1,-0.6164365849714554,True
126.1,3038.0,28.5,46.8,43.7,90.7,41.6,13.99,85.1,32.4,31.9,32.4,32.0,-1,-0.6164185373147576,True
5.4,1104.0,2.5,12.5,7.6,90.5,41.6,13.9,84.9,32.1,32.4,32.0,31.6,-1,-0.6164103951153306,True
127.7,3614.0,55.5,76.0,55.9,88.8,42.8,13.99,85.0,31.7,31.8,31.8,32.4,-1,-0.6164064767613983,True
128.6,3448.0,51.8,70.9,53.5,90.8,41.8,13.9,85.1,31.8,32.4,31.8,31.7,-1,-0.6163955681477522,True
123.3,3780.0,61.4,81.7,58.1,90.4,43.2,13.9,85.0,31.8,32.1,32.4,31.7,-1,-0.6163425696956907,True
125.9,3382.0,46.6,67.5,50.9,89.6,43.4,13.99,85.1,32.4,32.1,32.4,31.8,-1,-0.6163307680965157,True
8.1,1093.0,3.3,7.1,5.3,88.5,43.0,13.91,85.0,31.6,31.8,32.2,31.6,-1,-0.6163130155168243,True
120.7,3696.0,59.0,79.2,56.9,90.9,42.9,13.92,85.0,31.7,31.8,32.3,32.4,-1,-0.6163061752699694,True
69.6,3295.0,41.6,65.6,41.7,89.0,43.3,13.9,85.1,31.7,31.8,31.6,32.4,-1,-0.6162862796982173,True
9.2,1057.0,2.6,9.9,5.4,88.6,41.8,13.99,84.9,32.4,31.7,32.2,31.8,-1,-0.6162774678313166,True
10.0,1059.0,2.8,7.9,7.3,91.2,41.7,13.9,84.9,32.2,32.3,31.7,31.6,-1,-0.6162612748016459,True
7.7,1074.0,3.4,8.8,6.8,91.3,43.4,13.9,84.9,32.2,32.4,32.2,32.3,-1,-0.6161974634168105,True
124.9,3353.0,47.1,68.5,49.7,91.2,43.3,13.94,85.1,31.6,32.4,31.6,31.8,-1,-0.6161626604984961,True
124.8,3751.0,60.6,78.3,56.5,90.6,43.4,13.92,84.9,32.1,31.6,32.3,31.9,-1,-0.6161589188653843,True
119.4,3775.0,58.2,78.3,52.3,90.8,42.7,13.97,85.1,32.2,31.6,31.7,32.0,-1,-0.6161576880122009,True
3.5,1022.0,2.8,12.2,6.4,88.9,42.1,13.97,85.1,32.3,31.7,32.3,31.7,-1,-0.6161419845703354,True
106.4,3511.0,48.7,70.3,49.0,90.4,42.3,13.9,85.1,31.6,31.8,31.7,32.4,-1,-0.6161332835952719,True
125.4,3460.0,50.8,72.9,50.5,90.8,42.1,13.99,84.9,31.7,31.6,32.2,31.6,-1,-0.6161208063854782,True
125.8,3546.0,55.5,76.8,53.3,91.3,41.6,13.98,85.1,32.4,31.9,32.0,31.9,-1,-0.616091501295173,True
123.5,3763.0,58.8,79.5,53.8,90.5,41.9,13.92,84.9,31.7,32.4,31.7,32.3,-1,-0.6160913431979994,True
127.5,3033.0,26.6,46.1,44.5,88.6,43.4,13.9,85.1,32.0,31.6,32.4,32.3,-1,-0.6160816170925564,True
125.5,3739.0,59.7,78.7,56.0,89.3,42.1,13.95,85.1,32.0,32.2,32.4,32.2,-1,-0.6160806431445246,True
5.5,1029.0,1.9,11.7,6.5,88.7,42.1,13.9,85.1,31.7,32.4,31.9,31.7,-1,-0.6160736260657294,True
6.0,1037.0,2.7,9.9,7.5,90.4,42.0,13.98,85.1,31.7,31.6,32.3,32.3,-1,-0.6159690519819566,True
7.1,1061.0,3.3,11.1,7.5,89.1,43.5,13.9,84.9,31.6,31.9,32.3,32.1,-1,-0.6159593059443934,True
120.5,3777.0,59.2,81.0,56.9,88.9,42.0,13.98,85.1,32.3,32.1,32.2,32.0,-1,-0.6158866580436206,True
124.0,3764.0,59.8,78.6,54.6,91.3,42.4,13.95,85.0,32.1,31.6,32.3,31.6,-1,-0.6157910269059069,True
10.6,1100.0,3.2,4.8,8.8,89.8,43.4,13.99,84.9,31.6,31.9,32.4,32.4,-1,-0.6157690650292318,True
126.7,3762.0,60.2,79.8,55.9,90.3,43.3,13.91,84.9,31.6,31.9,31.9,31.7,-1,-0.6157388887254401,True
2.5,1033.0,3.0,11.2,6.2,90.1,42.4,13.9,84.9,32.4,31.6,31.9,31.6,-1,-0.6157109840147417,True
118.9,3767.0,58.3,77.7,55.0,88.7,42.4,13.9,84.9,31.8,32.2,32.2,31.6,-1,-0.6155825042581885,True
10.4,1064.0,2.3,8.0,8.4,91.5,43.5,13.9,84.9,31.6,31.8,31.7,32.1,-1,-0.6155563471110541,True
4.8,1024.0,3.5,11.0,6.7,89.9,42.6,13.92,84.9,32.3,32.3,32.4,32.4,-1,-0.6155390638939938,True
115.7,3686.0,53.2,74.4,53.0,91.3,42.4,13.9,84.9,31.8,31.6,31.8,32.2,-1,-0.6155368942503716,True
8.4,1018.0,2.1,9.6,7.9,89.0,42.9,13.9,85.1,31.6,31.8,32.3,32.0,-1,-0.6155254055035689,True
6.0,1053.0,3.3,12.8,8.1,89.1,41.6,13.99,85.1,32.3,32.4,32.2,32.0,-1,-0.6155244704819309,True
0.2,1060.0,3.0,13.6,6.4,91.4,43.5,13.99,85.0,32.4,31.8,32.3,31.6,-1,-0.6154988336971053,True
113.8,3696.0,54.4,74.6,51.0,90.7,41.8,13.9,85.1,31.7,32.4,32.3,32.1,-1,-0.6154596589676214,True
125.1,3703.0,59.1,78.6,56.5,91.1,41.9,13.97,85.0,31.6,32.0,31.8,32.4,-1,-0.615291612698278,True
123.6,3743.0,59.9,79.7,57.0,90.8,41.8,13.91,85.1,32.2,32.1,31.8,31.7,-1,-0.6152317892445055,True
124.0,3595.0,56.3,74.1,55.3,88.5,41.8,13.98,85.1,31.7,31.9,32.0,32.3,-1,-0.6152218642764432,True
3.1,1036.0,3.1,12.8,6.8,90.3,41.7,13.91,85.1,31.6,31.7,31.9,32.3,-1,-0.6152031030107424,True
122.0,3712.0,58.4,78.9,56.3,89.6,41.6,13.92,84.9,32.3,31.7,32.3,31.8,-1,-0.6151840719570216,True
29.7,1351.0,6.8,10.0,12.2,89.3,43.5,13.98,85.1,31.7,32.4,32.1,32.4,-1,-0.6151525508359901,True
7.5,1030.0,2.9,8.0,6.3,88.8,42.8,13.9,85.1,31.6,32.3,31.6,32.1,-1,-0.615148270004127,True
8.3,1092.0,1.8,7.8,5.2,89.4,41.6,13.98,85.1,31.8,32.1,32.3,31.6,-1,-0.6151477320713618,True
119.1,3742.0,59.1,80.1,56.9,91.3,42.7,13.95,85.1,32.3,31.9,32.3,32.3,-1,-0.6151314619830813,True
120.2,3713.0,58.2,79.4,57.5,90.1,43.3,13.92,84.9,31.7,31.7,32.2,32.3,-1,-0.6150799437169746,True
126.5,3740.0,60.4,81.1,59.4,90.0,42.0,13.9,85.1,32.0,32.2,32.3,31.8,-1,-0.6150147482412504,True
120.1,3784.0,58.5,78.3,55.1,88.9,43.2,13.98,85.1,32.1,31.7,32.3,32.1,-1,-0.6150093400217237,True
122.5,3762.0,59.8,81.0,55.8,90.4,41.8,13.9,84.9,31.7,32.3,31.8,31.8,-1,-0.6150010635972926,True
35.1,1606.0,8.4,15.3,12.2,88.9,41.8,13.91,85.1,31.6,31.6,31.8,32.0,-1,-0.614960906561848,True
26.7,1339.0,6.3,9.8,11.8,89.3,41.6,13.91,84.9,31.8,31.7,32.3,31.6,-1,-0.614946753493383,True
2.9,1090.0,1.7,14.1,6.8,88.6,43.5,13.9,84.9,31.7,32.3,32.1,32.3,-1,-0.6149081239615252,True
22.3,1819.0,18.2,30.2,17.1,88.6,43.1,13.93,85.1,32.3,32.4,32.3,31.6,-1,-0.6148970567220481,True
126.9,3608.0,56.0,77.5,53.6,89.7,43.5,13.92,85.1,32.1,32.2,32.4,31.7,-1,-0.6148927586952901,True
3.9,1028.0,3.4,12.0,5.5,88.6,43.3,13.99,85.0,31.9,31.6,32.3,32.2,-1,-0.6148736679857527,True
112.2,3686.0,53.1,73.1,50.3,88.8,42.2,13.91,85.1,32.3,31.9,32.2,32.4,-1,-0.614864616485078,True
1.4,1028.0,3.1,13.4,6.7,88.8,41.7,13.99,85.0,32.4,32.3,32.2,32.4,-1,-0.6148077209406981,True
6.1,1019.0,2.3,8.8,8.1,89.1,41.6,13.98,84.9,31.8,31.9,32.3,32.4,-1,-0.6147957656837548,True
109.0,3550.0,53.0,72.4,49.1,89.9,41.7,13.98,85.1,31.7,31.7,31.6,31.8,-1,-0.614736069044177,True
11.7,1088.0,2.2,9.2,8.1,91.1,43.3,13.9,85.1,32.4,31.8,31.9,32.4,-1,-0.6147326974691393,True
123.9,3718.0,60.2,81.5,55.9,90.8,42.5,13.94,84.9,32.2,32.0,31.6,32.4,-1,-0.614721727733757,True
124.4,3717.0,60.6,80.3,55.4,90.6,43.3,13.99,85.0,32.3,31.7,32.0,32.3,-1,-0.6146673960379458,True
120.6,3750.0,59.7,78.3,56.8,91.0,42.6,13.9,84.9,32.3,31.9,32.3,31.6,-1,-0.6146483087074919,True
122.1,3780.0,58.3,77.1,55.6,91.1,43.2,13.91,85.1,31.7,32.4,31.9,32.1,-1,-0.614542554420659,True
124.9,3223.0,42.0,62.6,49.4,88.7,43.4,13.99,85.1,31.7,32.3,31.7,32.3,-1,-0.614500470667026,True
6.2,1059.0,2.2,12.7,8.4,89.2,41.6,13.91,84.9,32.2,32.2,31.7,31.6,-1,-0.6144161984542184,True
122.7,3772.0,59.2,81.3,55.0,90.7,41.8,13.97,84.9,32.4,31.9,31.7,31.7,-1,-0.6144095688134931,True
124.4,3773.0,59.9,78.2,57.3,89.0,43.3,13.93,84.9,31.7,32.2,31.8,31.7,-1,-0.6142569729934175,True
123.5,3738.0,61.3,79.3,58.3,89.0,43.3,13.98,84.9,32.2,32.2,32.4,31.8,-1,-0.6142413386652826,True
0.1,1007.0,3.3,12.8,8.4,88.7,41.8,13.99,85.1,31.7,32.0,32.3,31.8,-1,-0.6142205017318881,True
7.8,1045.0,3.4,10.9,6.1,89.5,41.8,13.98,84.9,32.3,31.6,31.6,32.2,-1,-0.6141328565032624,True
125.8,3085.0,32.6,52.2,43.5,89.0,43.5,13.9,85.1,32.3,32.2,32.4,31.7,-1,-0.6140223044636258,True
117.0,3753.0,58.0,77.0,53.4,89.3,41.6,13.99,84.9,31.8,32.2,32.1,32.3,-1,-0.6140129500117372,True
126.6,3494.0,51.1,73.2,51.9,88.9,41.8,13.9,85.1,32.3,32.4,32.0,32.2,-1,-0.6139975651466684,True
10.2,1069.0,1.9,4.1,6.1,89.2,43.5,13.91,85.1,32.1,32.1,31.7,32.4,-1,-0.6139834232502248,True
9.6,1077.0,2.4,4.4,6.9,91.2,43.3,13.91,85.1,32.3,32.4,31.8,32.1,-1,-0.6139348729271179,True
6.5,1019.0,1.7,9.4,6.2,89.0,43.0,13.96,85.1,31.8,31.6,32.1,31.6,-1,-0.6139143588238882,True
118.8,3760.0,59.9,78.8,56.1,88.7,43.3,13.91,85.1,31.7,31.9,32.2,31.9,-1,-0.6139100077017083,True
123.9,3524.0,55.2,76.4,54.5,90.9,43.4,13.99,85.0,32.1,31.7,32.2,31.7,-1,-0.6138887925442152,True
123.9,3519.0,55.6,74.3,53.0,91.1,43.5,13.99,85.0,31.7,31.7,32.3,31.9,-1,-0.6138763941790579,True
124.1,3709.0,60.1,79.6,58.0,91.0,41.9,13.99,84.9,32.3,31.9,32.3,32.1,-1,-0.6138702899837275,True
125.1,3791.0,59.1,78.8,56.4,90.7,42.4,13.99,85.0,32.4,32.4,32.1,32.3,-1,-0.6138468557748594,True
12.0,1030.0,2.6,8.7,9.3,88.6,41.7,13.9,85.1,31.8,32.3,31.7,32.0,-1,-0.6138462424903149,True
25.7,1419.0,6.5,11.4,13.3,90.2,41.6,13.9,85.0,31.7,32.4,31.6,32.4,-1,-0.6138110739103777,True
123.2,3699.0,60.2,80.2,58.0,89.5,43.4,13.95,85.0,32.2,31.7,31.7,32.3,-1,-0.6137957764415775,True
11.8,1089.0,3.0,4.3,7.0,88.7,43.2,13.9,85.0,31.7,31.7,32.4,31.9,-1,-0.6137288714754519,True
12.9,1050.0,2.6,6.1,5.5,91.1,41.7,13.9,85.0,31.7,31.7,31.7,32.3,-1,-0.6137189261237228,True
7.9,1094.0,2.4,8.1,5.5,90.8,41.9,13.99,84.9,32.3,32.3,31.8,31.6,-1,-0.6136930839057047,True
2.7,1028.0,2.3,12.6,5.7,91.4,42.9,13.93,85.1,32.2,31.6,31.6,32.1,-1,-0.6136912631074931,True
117.1,3736.0,54.9,75.7,52.6,89.5,41.8,13.9,85.1,32.3,31.8,32.3,31.9,-1,-0.613670671038139,True
0.9,1046.0,2.4,11.0,7.4,91.3,41.6,13.9,85.0,31.7,32.1,31.8,32.4,-1,-0.6136502160258626,True
125.7,3560.0,56.5,75.1,55.5,91.3,42.2,13.92,84.9,32.3,31.8,31.9,32.4,-1,-0.6136204072441445,True
5.9,1018.0,3.2,6.4,7.4,90.9,41.6,13.9,85.1,31.7,32.0,32.0,32.1,-1,-0.6136079347910889,True
121.7,3723.0,61.6,79.6,55.8,90.4,42.1,13.96,85.1,32.3,31.6,32.2,32.1,-1,-0.6135479716431681,True
117.8,3793.0,55.1,74.8,52.3,89.4,42.0,13.9,84.9,32.3,31.7,31.8,31.7,-1,-0.6135444907376775,True
3.5,1099.0,3.1,12.3,6.5,88.6,42.2,13.96,85.1,32.3,31.7,32.3,32.2,-1,-0.6135328328139603,True
4.5,1063.0,2.5,10.0,8.3,90.2,43.3,13.9,85.1,31.6,31.9,32.3,32.3,-1,-0.6135265771172785,True
108.2,3478.0,49.6,69.3,47.8,89.0,43.5,13.93,85.0,32.3,31.6,31.7,32.4,-1,-0.6135057259978287,True
12.1,1087.0,3.5,5.2,8.4,89.6,41.8,13.95,85.1,31.9,31.6,32.3,31.7,-1,-0.6134930133068078,True
112.4,3685.0,53.5,74.0,53.3,89.6,42.1,13.95,85.1,31.7,31.6,31.8,31.6,-1,-0.6134856667971397,True
27.6,1408.0,6.6,12.2,12.8,88.8,43.3,13.94,84.9,31.6,32.2,31.7,32.4,-1,-0.6134629252223149,True
1.3,1082.0,3.0,13.6,8.3,88.8,43.5,13.91,85.1,31.8,31.8,32.0,32.3,-1,-0.6134313461562333,True
115.2,3744.0,57.5,74.9,54.8,90.4,43.2,13.91,85.1,32.2,32.4,32.2,31.7,-1,-0.6134301529507186,True
1.2,1083.0,3.5,10.7,7.5,89.1,41.6,13.99,85.1,32.0,32.2,32.4,32.0,-1,-0.6133907376300444,True
3.8,1037.0,3.0,14.3,5.4,90.6,43.5,13.99,85.1,31.9,32.3,32.4,32.3,-1,-0.6133838023301087,True
12.5,1416.0,9.8,21.4,14.0,89.2,41.6,13.9,85.1,31.7,32.2,31.7,32.2,-1,-0.6133415941818247,True
3.5,1014.0,3.0,14.4,7.4,91.3,43.5,13.94,85.0,32.3,31.6,32.3,31.6,-1,-0.6133140919028215,True
11.5,1038.0,1.7,9.6,6.0,90.6,41.6,13.98,84.9,31.7,32.0,32.4,32.2,-1,-0.6132711952551878,True
122.9,3793.0,60.1,78.4,55.1,91.1,41.7,13.95,85.0,31.8,32.3,32.4,31.8,-1,-0.6132667134982822,True
110.5,3641.0,53.0,72.0,50.1,91.2,41.7,13.9,85.1,32.2,31.9,32.3,31.7,-1,-0.6132476252538264,True
114.1,3784.0,55.5,75.5,51.6,90.2,42.0,13.91,85.1,31.7,32.3,32.3,32.4,-1,-0.6131569831872765,True
19.8,1327.0,5.5,9.9,11.9,88.5,41.6,13.92,85.1,32.3,31.6,31.9,32.0,-1,-0.6131312006675175,True
12.5,1060.0,3.2,5.9,7.4,89.4,41.9,13.99,85.1,31.6,32.4,31.7,32.3,-1,-0.6131151930884874,True
119.4,3715.0,58.3,79.6,56.2,89.5,43.1,13.9,84.9,32.0,32.4,31.9,31.6,-1,-0.6131131151267586,True
1.4,1041.0,3.4,11.6,6.4,88.5,41.7,13.98,85.0,31.7,31.7,31.7,31.7,-1,-0.6129591293296613,True
121.3,3790.0,60.4,79.8,57.5,88.5,43.4,13.98,85.0,31.9,32.2,32.4,31.7,-1,-0.6129233403268748,True
110.9,3640.0,54.9,72.6,52.0,90.6,42.0,13.9,85.0,31.6,32.1,32.4,32.4,-1,-0.6129153007487081,True
121.5,3766.0,59.3,79.1,56.6,88.9,42.6,13.92,85.1,32.2,32.3,32.1,31.7,-1,-0.6127878784136059,True
11.5,1373.0,8.4,19.0,9.8,89.8,41.9,13.93,85.1,32.2,31.6,32.4,32.2,-1,-0.6127878579929197,True
7.1,1019.0,2.1,8.9,5.7,88.9,42.9,13.91,85.1,31.6,32.2,32.3,31.7,-1,-0.6127562118891167,True
115.9,3749.0,57.0,76.4,55.8,88.5,43.5,13.93,84.9,31.7,32.2,32.2,32.3,-1,-0.612736707889012,True
2.8,1089.0,2.6,13.8,7.4,88.9,41.9,13.9,85.1,32.3,31.7,31.6,32.0,-1,-0.6127314310296403,True
10.2,1013.0,1.6,5.3,4.6,90.9,41.6,13.95,85.1,32.0,32.1,32.4,31.7,-1,-0.6127014230120383,True
16.6,1042.0,3.9,8.7,9.7,88.7,43.0,13.96,85.1,31.6,32.4,31.9,31.6,-1,-0.6126854598344241,True
1.1,1081.0,3.0,14.2,5.3,88.5,41.6,13.92,85.1,32.4,31.9,31.9,32.2,-1,-0.612677456883566,True
120.5,3763.0,57.2,77.3,54.4,88.8,42.8,13.98,84.9,31.6,31.8,31.6,32.1,-1,-0.6126753523317514,True
20.1,1201.0,5.4,7.2,9.5,88.6,42.0,13.99,85.1,32.1,32.4,31.8,31.7,-1,-0.6126715619940729,True
5.2,1055.0,2.9,10.2,4.8,88.7,42.7,13.9,84.9,32.4,31.6,32.1,32.2,-1,-0.6125923896078126,True
120.5,3752.0,58.1,79.4,55.7,89.9,42.9,13.92,85.1,31.9,32.3,32.4,31.8,-1,-0.6125816074931139,True
121.7,3751.0,59.4,77.3,57.4,89.3,43.5,13.9,84.9,32.1,32.1,32.3,31.7,-1,-0.6125734386128383,True
5.8,1091.0,2.7,12.9,8.3,88.7,42.0,13.98,85.1,32.1,32.2,32.4,32.3,-1,-0.612534298015427,True
110.1,3658.0,54.2,73.0,50.3,90.5,43.2,13.99,84.9,31.6,32.4,32.3,31.9,-1,-0.612527038049008,True
123.5,3723.0,59.5,81.3,54.9,88.7,42.0,13.99,84.9,32.0,32.0,32.2,32.3,-1,-0.6124667799658254,True
25.9,1380.0,5.8,10.2,9.9,88.8,41.7,13.93,85.1,32.2,31.6,32.3,31.9,-1,-0.6124384640591359,True
11.1,1387.0,9.2,20.5,12.4,88.7,42.2,13.92,84.9,31.6,32.3,31.6,31.7,-1,-0.6123985363782246,True
118.5,3784.0,55.4,74.0,53.5,91.0,43.3,13.94,85.1,31.7,31.6,32.3,32.1,-1,-0.6123771064741774,True
2.6,1031.0,2.9,10.4,7.6,90.5,41.9,13.9,84.9,31.9,32.3,32.3,32.4,-1,-0.6123582033534292,True
9.4,1050.0,3.3,11.3,6.1,89.3,43.2,13.98,85.1,31.9,31.6,31.8,32.3,-1,-0.6123578774280667,True
119.8,3754.0,57.5,77.9,56.5,89.1,41.7,13.92,84.9,32.2,32.3,32.1,32.4,-1,-0.6123447216332104,True
1.8,1021.0,3.5,14.3,5.0,88.7,43.5,13.97,85.1,32.4,31.9,32.3,31.8,-1,-0.6123318992326574,True
49.5,1625.0,10.2,19.7,18.1,90.4,42.0,13.98,85.1,32.3,31.7,31.6,32.4,-1,-0.612307893976928,True
119.9,3778.0,58.2,77.6,54.4,88.6,42.6,13.91,85.1,31.7,31.6,31.8,32.0,-1,-0.6122940827815558,True
107.6,3614.0,52.1,70.5,49.3,89.3,43.0,13.94,85.1,32.4,32.1,32.4,32.3,-1,-0.61228431528172,True
4.8,1007.0,3.3,8.9,8.2,91.3,42.2,13.98,85.0,31.8,31.6,32.4,31.8,-1,-0.6122569346585247,True
34.3,1615.0,7.6,12.8,12.7,88.8,41.9,13.99,85.0,31.7,31.8,31.8,32.4,-1,-0.6122423575946498,True
123.9,3705.0,59.4,81.1,57.0,90.8,42.7,13.92,85.0,32.3,32.4,32.3,31.7,-1,-0.6122355199049341,True
119.1,3710.0,58.6,79.5,56.6,91.3,42.9,13.9,85.0,31.7,31.8,32.0,32.4,-1,-0.6122303400379252,True
24.2,1326.0,5.0,10.8,11.1,88.8,41.7,13.98,85.0,32.4,32.4,31.7,31.7,-1,-0.6122262599987285,True
111.1,3558.0,52.3,69.4,51.7,88.7,43.0,13.9,85.0,32.1,31.7,32.3,32.4,-1,-0.6122204673694158,True
122.2,3768.0,59.8,80.5,55.4,89.7,42.6,13.98,84.9,31.7,32.2,31.7,32.4,-1,-0.612210121070382,True
6.3,1057.0,3.3,10.4,4.8,91.0,41.9,13.99,85.1,32.2,31.8,32.4,31.8,-1,-0.6121292757260145,True
123.9,3696.0,61.1,79.3,57.1,91.0,42.6,13.99,84.9,31.6,31.7,32.2,31.9,-1,-0.6121192998504354,True
117.5,3782.0,58.8,78.8,55.7,90.8,42.2,13.91,84.9,32.2,31.7,32.3,31.8,-1,-0.6120454006673348,True
14.8,1033.0,3.2,6.0,10.2,89.6,43.2,13.9,85.0,31.6,32.3,32.3,32.4,-1,-0.6120070927584492,True
